LinkID,EndPointID,CRUID,FEEID,ModuleType,LocalChannelID,channel #,EndPoint/Link,Module,PM channel,HV board,HV channel,MCP S/N,HV cable,signal cable
0,0,0,0,PM,1,0,0/0,PMA0,PMA0/Ch01,0,HVA0/03,2186,FTA-D2,FTA-D2-1
0,0,0,0,PM,2,1,0/0,PMA0,PMA0/Ch02,0,HVA0/03,2186,FTA-D2,FTA-D2-4
0,0,0,0,PM,3,2,0/0,PMA0,PMA0/Ch03,0,HVA0/03,2186,FTA-D2,FTA-D2-2
0,0,0,0,PM,4,3,0/0,PMA0,PMA0/Ch04,0,HVA0/03,2186,FTA-D2,FTA-D2-3
0,0,0,0,PM,5,4,0/0,PMA0,PMA0/Ch05,0,HVA0/02,2117,FTA-D1,FTA-D1-3
0,0,0,0,PM,6,5,0/0,PMA0,PMA0/Ch06,0,HVA0/02,2117,FTA-D1,FTA-D1-2
0,0,0,0,PM,7,6,0/0,PMA0,PMA0/Ch07,0,HVA0/02,2117,FTA-D1,FTA-D1-4
0,0,0,0,PM,8,7,0/0,PMA0,PMA0/Ch08,0,HVA0/02,2117,FTA-D1,FTA-D1-1
0,0,0,0,PM,9,8,0/0,PMA0,PMA0/Ch09,0,HVA0/07,2170,FTA-E1,FTA-E1-1
0,0,0,0,PM,10,9,0/0,PMA0,PMA0/Ch10,0,HVA0/07,2170,FTA-E1,FTA-E1-4
0,0,0,0,PM,11,10,0/0,PMA0,PMA0/Ch11,0,HVA0/07,2170,FTA-E1,FTA-E1-2
0,0,0,0,PM,12,11,0/0,PMA0,PMA0/Ch12,0,HVA0/07,2170,FTA-E1,FTA-E1-3
1,0,0,1,PM,1,12,0/1,PMA1,PMA1/Ch01,0,HVA0/04,2184,FTA-D3,FTA-D3-1
1,0,0,1,PM,2,13,0/1,PMA1,PMA1/Ch02,0,HVA0/04,2184,FTA-D3,FTA-D3-2
1,0,0,1,PM,3,14,0/1,PMA1,PMA1/Ch03,0,HVA0/04,2184,FTA-D3,FTA-D3-4
1,0,0,1,PM,4,15,0/1,PMA1,PMA1/Ch04,0,HVA0/04,2184,FTA-D3,FTA-D3-3
1,0,0,1,PM,5,16,0/1,PMA1,PMA1/Ch05,0,HVA0/08,2154,FTA-E2,FTA-E2-4
1,0,0,1,PM,6,17,0/1,PMA1,PMA1/Ch06,0,HVA0/08,2154,FTA-E2,FTA-E2-1
1,0,0,1,PM,7,18,0/1,PMA1,PMA1/Ch07,0,HVA0/08,2154,FTA-E2,FTA-E2-3
1,0,0,1,PM,8,19,0/1,PMA1,PMA1/Ch08,0,HVA0/08,2154,FTA-E2,FTA-E2-2
1,0,0,1,PM,9,20,0/1,PMA1,PMA1/Ch09,0,HVA0/09,2124,FTA-E3,FTA-E3-1
1,0,0,1,PM,10,21,0/1,PMA1,PMA1/Ch10,0,HVA0/09,2124,FTA-E3,FTA-E3-2
1,0,0,1,PM,11,22,0/1,PMA1,PMA1/Ch11,0,HVA0/09,2124,FTA-E3,FTA-E3-4
1,0,0,1,PM,12,23,0/1,PMA1,PMA1/Ch12,0,HVA0/09,2124,FTA-E3,FTA-E3-3
2,0,0,2,PM,1,24,0/2,PMA2,PMA2/Ch01,0,HVA0/05,2164,FTA-D4,FTA-D4-1
2,0,0,2,PM,2,25,0/2,PMA2,PMA2/Ch02,0,HVA0/05,2164,FTA-D4,FTA-D4-4
2,0,0,2,PM,3,26,0/2,PMA2,PMA2/Ch03,0,HVA0/05,2164,FTA-D4,FTA-D4-2
2,0,0,2,PM,4,27,0/2,PMA2,PMA2/Ch04,0,HVA0/05,2164,FTA-D4,FTA-D4-3
2,0,0,2,PM,5,28,0/2,PMA2,PMA2/Ch05,0,HVA0/10,2135,FTA-E4,FTA-E4-2
2,0,0,2,PM,6,29,0/2,PMA2,PMA2/Ch06,0,HVA0/10,2135,FTA-E4,FTA-E4-1
2,0,0,2,PM,7,30,0/2,PMA2,PMA2/Ch07,0,HVA0/10,2135,FTA-E4,FTA-E4-3
2,0,0,2,PM,8,31,0/2,PMA2,PMA2/Ch08,0,HVA0/10,2135,FTA-E4,FTA-E4-4
2,0,0,2,PM,9,32,0/2,PMA2,PMA2/Ch09,0,HVA0/11,2160,FTA-E5,FTA-E5-1
2,0,0,2,PM,10,33,0/2,PMA2,PMA2/Ch10,0,HVA0/11,2160,FTA-E5,FTA-E5-4
2,0,0,2,PM,11,34,0/2,PMA2,PMA2/Ch11,0,HVA0/11,2160,FTA-E5,FTA-E5-2
2,0,0,2,PM,12,35,0/2,PMA2,PMA2/Ch12,0,HVA0/11,2160,FTA-E5,FTA-E5-3
3,0,0,3,PM,1,36,0/3,PMA3,PMA3/Ch01,0,HVA0/00,2132,FTA-C4,FTA-C4-1
3,0,0,3,PM,2,37,0/3,PMA3,PMA3/Ch02,0,HVA0/00,2132,FTA-C4,FTA-C4-2
3,0,0,3,PM,3,38,0/3,PMA3,PMA3/Ch03,0,HVA0/00,2132,FTA-C4,FTA-C4-4
3,0,0,3,PM,4,39,0/3,PMA3,PMA3/Ch04,0,HVA0/00,2132,FTA-C4,FTA-C4-3
3,0,0,3,PM,5,40,0/3,PMA3,PMA3/Ch05,0,HVA0/06,2171,FTA-D5,FTA-D5-3
3,0,0,3,PM,6,41,0/3,PMA3,PMA3/Ch06,0,HVA0/06,2171,FTA-D5,FTA-D5-4
3,0,0,3,PM,7,42,0/3,PMA3,PMA3/Ch07,0,HVA0/06,2171,FTA-D5,FTA-D5-2
3,0,0,3,PM,8,43,0/3,PMA3,PMA3/Ch08,0,HVA0/06,2171,FTA-D5,FTA-D5-1
3,0,0,3,PM,9,44,0/3,PMA3,PMA3/Ch09,0,HVA0/01,2153,FTA-C5,FTA-C5-3
3,0,0,3,PM,10,45,0/3,PMA3,PMA3/Ch10,0,HVA0/01,2153,FTA-C5,FTA-C5-4
3,0,0,3,PM,11,46,0/3,PMA3,PMA3/Ch11,0,HVA0/01,2153,FTA-C5,FTA-C5-2
3,0,0,3,PM,12,47,0/3,PMA3,PMA3/Ch12,0,HVA0/01,2153,FTA-C5,FTA-C5-1
4,0,0,4,PM,1,48,0/4,PMA4,PMA4/Ch01,1,HVA1/08,2183,FTA-B4,FTA-B4-1
4,0,0,4,PM,2,49,0/4,PMA4,PMA4/Ch02,1,HVA1/08,2183,FTA-B4,FTA-B4-4
4,0,0,4,PM,3,50,0/4,PMA4,PMA4/Ch03,1,HVA1/08,2183,FTA-B4,FTA-B4-2
4,0,0,4,PM,4,51,0/4,PMA4,PMA4/Ch04,1,HVA1/08,2183,FTA-B4,FTA-B4-3
4,0,0,4,PM,5,52,0/4,PMA4,PMA4/Ch05,1,HVA1/09,2176,FTA-B5,FTA-B5-1
4,0,0,4,PM,6,53,0/4,PMA4,PMA4/Ch06,1,HVA1/09,2176,FTA-B5,FTA-B5-4
4,0,0,4,PM,7,54,0/4,PMA4,PMA4/Ch07,1,HVA1/09,2176,FTA-B5,FTA-B5-2
4,0,0,4,PM,8,55,0/4,PMA4,PMA4/Ch08,1,HVA1/09,2176,FTA-B5,FTA-B5-3
4,0,0,4,PM,9,56,0/4,PMA4,PMA4/Ch09,1,HVA1/04,2169,FTA-A5,FTA-A5-3
4,0,0,4,PM,10,57,0/4,PMA4,PMA4/Ch10,1,HVA1/04,2169,FTA-A5,FTA-A5-2
4,0,0,4,PM,11,58,0/4,PMA4,PMA4/Ch11,1,HVA1/04,2169,FTA-A5,FTA-A5-4
4,0,0,4,PM,12,59,0/4,PMA4,PMA4/Ch12,1,HVA1/04,2169,FTA-A5,FTA-A5-1
5,0,0,5,PM,1,60,0/5,PMA5,PMA5/Ch01,1,HVA1/07,2180,FTA-B3,FTA-B3-3
5,0,0,5,PM,2,61,0/5,PMA5,PMA5/Ch02,1,HVA1/07,2180,FTA-B3,FTA-B3-4
5,0,0,5,PM,3,62,0/5,PMA5,PMA5/Ch03,1,HVA1/07,2180,FTA-B3,FTA-B3-2
5,0,0,5,PM,4,63,0/5,PMA5,PMA5/Ch04,1,HVA1/07,2180,FTA-B3,FTA-B3-1
5,0,0,5,PM,5,64,0/5,PMA5,PMA5/Ch05,1,HVA1/03,2179,FTA-A4,FTA-A4-1
5,0,0,5,PM,6,65,0/5,PMA5,PMA5/Ch06,1,HVA1/03,2179,FTA-A4,FTA-A4-2
5,0,0,5,PM,7,66,0/5,PMA5,PMA5/Ch07,1,HVA1/03,2179,FTA-A4,FTA-A4-4
5,0,0,5,PM,8,67,0/5,PMA5,PMA5/Ch08,1,HVA1/03,2179,FTA-A4,FTA-A4-3
5,0,0,5,PM,9,68,0/5,PMA5,PMA5/Ch09,1,HVA1/02,2174,FTA-A3,FTA-A3-1
5,0,0,5,PM,10,69,0/5,PMA5,PMA5/Ch10,1,HVA1/02,2174,FTA-A3,FTA-A3-2
5,0,0,5,PM,11,70,0/5,PMA5,PMA5/Ch11,1,HVA1/02,2174,FTA-A3,FTA-A3-4
5,0,0,5,PM,12,71,0/5,PMA5,PMA5/Ch12,1,HVA1/02,2174,FTA-A3,FTA-A3-3
6,0,0,6,PM,1,72,0/6,PMA6,PMA6/Ch01,1,HVA1/06,2185,FTA-B2,FTA-B2-1
6,0,0,6,PM,2,73,0/6,PMA6,PMA6/Ch02,1,HVA1/06,2185,FTA-B2,FTA-B2-4
6,0,0,6,PM,3,74,0/6,PMA6,PMA6/Ch03,1,HVA1/06,2185,FTA-B2,FTA-B2-2
6,0,0,6,PM,4,75,0/6,PMA6,PMA6/Ch04,1,HVA1/06,2185,FTA-B2,FTA-B2-3
6,0,0,6,PM,5,76,0/6,PMA6,PMA6/Ch05,1,HVA1/01,2181,FTA-A2,FTA-A2-1
6,0,0,6,PM,6,77,0/6,PMA6,PMA6/Ch06,1,HVA1/01,2181,FTA-A2,FTA-A2-4
6,0,0,6,PM,7,78,0/6,PMA6,PMA6/Ch07,1,HVA1/01,2181,FTA-A2,FTA-A2-2
6,0,0,6,PM,8,79,0/6,PMA6,PMA6/Ch08,1,HVA1/01,2181,FTA-A2,FTA-A2-3
6,0,0,6,PM,9,80,0/6,PMA6,PMA6/Ch09,1,HVA1/00,2173,FTA-A1,FTA-A1-1
6,0,0,6,PM,10,81,0/6,PMA6,PMA6/Ch10,1,HVA1/00,2173,FTA-A1,FTA-A1-4
6,0,0,6,PM,11,82,0/6,PMA6,PMA6/Ch11,1,HVA1/00,2173,FTA-A1,FTA-A1-2
6,0,0,6,PM,12,83,0/6,PMA6,PMA6/Ch12,1,HVA1/00,2173,FTA-A1,FTA-A1-3
7,0,0,7,PM,1,84,0/7,PMA7,PMA7/Ch01,1,HVA1/11,2163,FTA-C2,FTA-C2-4
7,0,0,7,PM,2,85,0/7,PMA7,PMA7/Ch02,1,HVA1/11,2163,FTA-C2,FTA-C2-1
7,0,0,7,PM,3,86,0/7,PMA7,PMA7/Ch03,1,HVA1/11,2163,FTA-C2,FTA-C2-3
7,0,0,7,PM,4,87,0/7,PMA7,PMA7/Ch04,1,HVA1/11,2163,FTA-C2,FTA-C2-2
7,0,0,7,PM,5,88,0/7,PMA7,PMA7/Ch05,1,HVA1/05,2182,FTA-B1,FTA-B1-4
7,0,0,7,PM,6,89,0/7,PMA7,PMA7/Ch06,1,HVA1/05,2182,FTA-B1,FTA-B1-1
7,0,0,7,PM,7,90,0/7,PMA7,PMA7/Ch07,1,HVA1/05,2182,FTA-B1,FTA-B1-3
7,0,0,7,PM,8,91,0/7,PMA7,PMA7/Ch08,1,HVA1/05,2182,FTA-B1,FTA-B1-2
7,0,0,7,PM,9,92,0/7,PMA7,PMA7/Ch09,1,HVA1/10,2187,FTA-C1,FTA-C1-2
7,0,0,7,PM,10,93,0/7,PMA7,PMA7/Ch10,1,HVA1/10,2187,FTA-C1,FTA-C1-3
7,0,0,7,PM,11,94,0/7,PMA7,PMA7/Ch11,1,HVA1/10,2187,FTA-C1,FTA-C1-1
7,0,0,7,PM,12,95,0/7,PMA7,PMA7/Ch12,1,HVA1/10,2187,FTA-C1,FTA-C1-4
0,1,0,8,PM,1,96,1/0,PMC0,PMC0/Ch01,2,HVC2/03,2119,FTC-B3,FTC-B3-2
0,1,0,8,PM,2,97,1/0,PMC0,PMC0/Ch02,2,HVC2/03,2119,FTC-B3,FTC-B3-1
0,1,0,8,PM,3,98,1/0,PMC0,PMC0/Ch03,2,HVC2/03,2119,FTC-B3,FTC-B3-3
0,1,0,8,PM,4,99,1/0,PMC0,PMC0/Ch04,2,HVC2/03,2119,FTC-B3,FTC-B3-4
0,1,0,8,PM,5,100,1/0,PMC0,PMC0/Ch05,2,HVC2/01,2147,FTC-A3,FTC-A3-2
0,1,0,8,PM,6,101,1/0,PMC0,PMC0/Ch06,2,HVC2/01,2147,FTC-A3,FTC-A3-1
0,1,0,8,PM,7,102,1/0,PMC0,PMC0/Ch07,2,HVC2/01,2147,FTC-A3,FTC-A3-3
0,1,0,8,PM,8,103,1/0,PMC0,PMC0/Ch08,2,HVC2/01,2147,FTC-A3,FTC-A3-4
0,1,0,8,PM,9,104,1/0,PMC0,PMC0/Ch09,2,HVC2/00,2129,FTC-A2,FTC-A2-2
0,1,0,8,PM,10,105,1/0,PMC0,PMC0/Ch10,2,HVC2/00,2129,FTC-A2,FTC-A2-1
0,1,0,8,PM,11,106,1/0,PMC0,PMC0/Ch11,2,HVC2/00,2129,FTC-A2,FTC-A2-3
0,1,0,8,PM,12,107,1/0,PMC0,PMC0/Ch12,2,HVC2/00,2129,FTC-A2,FTC-A2-4
1,1,0,9,PM,1,108,1/1,PMC1,PMC1/Ch01,2,HVC2/05,2123,FTC-C2,FTC-C2-1
1,1,0,9,PM,2,109,1/1,PMC1,PMC1/Ch02,2,HVC2/05,2123,FTC-C2,FTC-C2-2
1,1,0,9,PM,3,110,1/1,PMC1,PMC1/Ch03,2,HVC2/05,2123,FTC-C2,FTC-C2-4
1,1,0,9,PM,4,111,1/1,PMC1,PMC1/Ch04,2,HVC2/05,2123,FTC-C2,FTC-C2-3
1,1,0,9,PM,5,112,1/1,PMC1,PMC1/Ch05,2,HVC2/04,2127,FTC-C1,FTC-C1-1
1,1,0,9,PM,6,113,1/1,PMC1,PMC1/Ch06,2,HVC2/04,2127,FTC-C1,FTC-C1-2
1,1,0,9,PM,7,114,1/1,PMC1,PMC1/Ch07,2,HVC2/04,2127,FTC-C1,FTC-C1-4
1,1,0,9,PM,8,115,1/1,PMC1,PMC1/Ch08,2,HVC2/04,2127,FTC-C1,FTC-C1-3
1,1,0,9,PM,9,116,1/1,PMC1,PMC1/Ch09,2,HVC2/02,2118,FTC-B1,FTC-B1-2
1,1,0,9,PM,10,117,1/1,PMC1,PMC1/Ch10,2,HVC2/02,2118,FTC-B1,FTC-B1-3
1,1,0,9,PM,11,118,1/1,PMC1,PMC1/Ch11,2,HVC2/02,2118,FTC-B1,FTC-B1-1
1,1,0,9,PM,12,119,1/1,PMC1,PMC1/Ch12,2,HVC2/02,2118,FTC-B1,FTC-B1-4
2,1,0,10,PM,1,120,1/2,PMC2,PMC2/Ch01,2,HVC2/07,2128,FTC-D2,FTC-D2-4
2,1,0,10,PM,2,121,1/2,PMC2,PMC2/Ch02,2,HVC2/07,2128,FTC-D2,FTC-D2-3
2,1,0,10,PM,3,122,1/2,PMC2,PMC2/Ch03,2,HVC2/07,2128,FTC-D2,FTC-D2-1
2,1,0,10,PM,4,123,1/2,PMC2,PMC2/Ch04,2,HVC2/07,2128,FTC-D2,FTC-D2-2
2,1,0,10,PM,5,124,1/2,PMC2,PMC2/Ch05,2,HVC2/06,2145,FTC-D1,FTC-D1-4
2,1,0,10,PM,6,125,1/2,PMC2,PMC2/Ch06,2,HVC2/06,2145,FTC-D1,FTC-D1-3
2,1,0,10,PM,7,126,1/2,PMC2,PMC2/Ch07,2,HVC2/06,2145,FTC-D1,FTC-D1-1
2,1,0,10,PM,8,127,1/2,PMC2,PMC2/Ch08,2,HVC2/06,2145,FTC-D1,FTC-D1-2
2,1,0,10,PM,9,128,1/2,PMC2,PMC2/Ch09,2,HVC2/08,2125,FTC-E1,FTC-E1-2
2,1,0,10,PM,10,129,1/2,PMC2,PMC2/Ch10,2,HVC2/08,2125,FTC-E1,FTC-E1-1
2,1,0,10,PM,11,130,1/2,PMC2,PMC2/Ch11,2,HVC2/08,2125,FTC-E1,FTC-E1-3
2,1,0,10,PM,12,131,1/2,PMC2,PMC2/Ch12,2,HVC2/08,2125,FTC-E1,FTC-E1-4
3,1,0,11,PM,1,132,1/3,PMC3,PMC3/Ch01,2,HVC2/09,2130,FTC-E3,FTC-E3-1
3,1,0,11,PM,2,133,1/3,PMC3,PMC3/Ch02,2,HVC2/09,2130,FTC-E3,FTC-E3-2
3,1,0,11,PM,3,134,1/3,PMC3,PMC3/Ch03,2,HVC2/09,2130,FTC-E3,FTC-E3-4
3,1,0,11,PM,4,135,1/3,PMC3,PMC3/Ch04,2,HVC2/09,2130,FTC-E3,FTC-E3-3
3,1,0,11,PM,5,136,1/3,PMC3,PMC3/Ch05,2,HVC2/11,2149,FTC-F3,FTC-F3-1
3,1,0,11,PM,6,137,1/3,PMC3,PMC3/Ch06,2,HVC2/11,2149,FTC-F3,FTC-F3-2
3,1,0,11,PM,7,138,1/3,PMC3,PMC3/Ch07,2,HVC2/11,2149,FTC-F3,FTC-F3-4
3,1,0,11,PM,8,139,1/3,PMC3,PMC3/Ch08,2,HVC2/11,2149,FTC-F3,FTC-F3-3
3,1,0,11,PM,9,140,1/3,PMC3,PMC3/Ch09,2,HVC2/10,2134,FTC-F2,FTC-F2-1
3,1,0,11,PM,10,141,1/3,PMC3,PMC3/Ch10,2,HVC2/10,2134,FTC-F2,FTC-F2-2
3,1,0,11,PM,11,142,1/3,PMC3,PMC3/Ch11,2,HVC2/10,2134,FTC-F2,FTC-F2-4
3,1,0,11,PM,12,143,1/3,PMC3,PMC3/Ch12,2,HVC2/10,2134,FTC-F2,FTC-F2-3
4,1,0,12,PM,1,144,1/4,PMC4,PMC4/Ch01,3,HVC3/08,2137,FTC-E4,FTC-E4-2
4,1,0,12,PM,2,145,1/4,PMC4,PMC4/Ch02,3,HVC3/08,2137,FTC-E4,FTC-E4-1
4,1,0,12,PM,3,146,1/4,PMC4,PMC4/Ch03,3,HVC3/08,2137,FTC-E4,FTC-E4-3
4,1,0,12,PM,4,147,1/4,PMC4,PMC4/Ch04,3,HVC3/08,2137,FTC-E4,FTC-E4-4
4,1,0,12,PM,5,148,1/4,PMC4,PMC4/Ch05,3,HVC3/10,2152,FTC-F4,FTC-F4-2
4,1,0,12,PM,6,149,1/4,PMC4,PMC4/Ch06,3,HVC3/10,2152,FTC-F4,FTC-F4-1
4,1,0,12,PM,7,150,1/4,PMC4,PMC4/Ch07,3,HVC3/10,2152,FTC-F4,FTC-F4-3
4,1,0,12,PM,8,151,1/4,PMC4,PMC4/Ch08,3,HVC3/10,2152,FTC-F4,FTC-F4-4
4,1,0,12,PM,9,152,1/4,PMC4,PMC4/Ch09,3,HVC3/11,2142,FTC-F5,FTC-F5-2
4,1,0,12,PM,10,153,1/4,PMC4,PMC4/Ch10,3,HVC3/11,2142,FTC-F5,FTC-F5-1
4,1,0,12,PM,11,154,1/4,PMC4,PMC4/Ch11,3,HVC3/11,2142,FTC-F5,FTC-F5-3
4,1,0,12,PM,12,155,1/4,PMC4,PMC4/Ch12,3,HVC3/11,2142,FTC-F5,FTC-F5-4
5,1,0,13,PM,1,156,1/5,PMC5,PMC5/Ch01,3,HVC3/06,2157,FTC-D5,FTC-D5-1
5,1,0,13,PM,2,157,1/5,PMC5,PMC5/Ch02,3,HVC3/06,2157,FTC-D5,FTC-D5-2
5,1,0,13,PM,3,158,1/5,PMC5,PMC5/Ch03,3,HVC3/06,2157,FTC-D5,FTC-D5-4
5,1,0,13,PM,4,159,1/5,PMC5,PMC5/Ch04,3,HVC3/06,2157,FTC-D5,FTC-D5-3
5,1,0,13,PM,5,160,1/5,PMC5,PMC5/Ch05,3,HVC3/07,2167,FTC-D6,FTC-D6-1
5,1,0,13,PM,6,161,1/5,PMC5,PMC5/Ch06,3,HVC3/07,2167,FTC-D6,FTC-D6-2
5,1,0,13,PM,7,162,1/5,PMC5,PMC5/Ch07,3,HVC3/07,2167,FTC-D6,FTC-D6-4
5,1,0,13,PM,8,163,1/5,PMC5,PMC5/Ch08,3,HVC3/07,2167,FTC-D6,FTC-D6-3
5,1,0,13,PM,9,164,1/5,PMC5,PMC5/Ch09,3,HVC3/09,2165,FTC-E6,FTC-E6-2
5,1,0,13,PM,10,165,1/5,PMC5,PMC5/Ch10,3,HVC3/09,2165,FTC-E6,FTC-E6-3
5,1,0,13,PM,11,166,1/5,PMC5,PMC5/Ch11,3,HVC3/09,2165,FTC-E6,FTC-E6-1
5,1,0,13,PM,12,167,1/5,PMC5,PMC5/Ch12,3,HVC3/09,2165,FTC-E6,FTC-E6-4
6,1,0,14,PM,1,168,1/6,PMC6,PMC6/Ch01,3,HVC3/04,2148,FTC-C5,FTC-C5-4
6,1,0,14,PM,2,169,1/6,PMC6,PMC6/Ch02,3,HVC3/04,2148,FTC-C5,FTC-C5-3
6,1,0,14,PM,3,170,1/6,PMC6,PMC6/Ch03,3,HVC3/04,2148,FTC-C5,FTC-C5-1
6,1,0,14,PM,4,171,1/6,PMC6,PMC6/Ch04,3,HVC3/04,2148,FTC-C5,FTC-C5-2
6,1,0,14,PM,5,172,1/6,PMC6,PMC6/Ch05,3,HVC3/05,2162,FTC-C6,FTC-C6-4
6,1,0,14,PM,6,173,1/6,PMC6,PMC6/Ch06,3,HVC3/05,2162,FTC-C6,FTC-C6-3
6,1,0,14,PM,7,174,1/6,PMC6,PMC6/Ch07,3,HVC3/05,2162,FTC-C6,FTC-C6-1
6,1,0,14,PM,8,175,1/6,PMC6,PMC6/Ch08,3,HVC3/05,2162,FTC-C6,FTC-C6-2
6,1,0,14,PM,9,176,1/6,PMC6,PMC6/Ch09,3,HVC3/03,2144,FTC-B6,FTC-B6-2
6,1,0,14,PM,10,177,1/6,PMC6,PMC6/Ch10,3,HVC3/03,2144,FTC-B6,FTC-B6-1
6,1,0,14,PM,11,178,1/6,PMC6,PMC6/Ch11,3,HVC3/03,2144,FTC-B6,FTC-B6-3
6,1,0,14,PM,12,179,1/6,PMC6,PMC6/Ch12,3,HVC3/03,2144,FTC-B6,FTC-B6-4
7,1,0,15,PM,1,180,1/7,PMC7,PMC7/Ch01,3,HVC3/02,2136,FTC-B4,FTC-B4-1
7,1,0,15,PM,2,181,1/7,PMC7,PMC7/Ch02,3,HVC3/02,2136,FTC-B4,FTC-B4-2
7,1,0,15,PM,3,182,1/7,PMC7,PMC7/Ch03,3,HVC3/02,2136,FTC-B4,FTC-B4-4
7,1,0,15,PM,4,183,1/7,PMC7,PMC7/Ch04,3,HVC3/02,2136,FTC-B4,FTC-B4-3
7,1,0,15,PM,5,184,1/7,PMC7,PMC7/Ch05,3,HVC3/00,2151,FTC-A4,FTC-A4-1
7,1,0,15,PM,6,185,1/7,PMC7,PMC7/Ch06,3,HVC3/00,2151,FTC-A4,FTC-A4-2
7,1,0,15,PM,7,186,1/7,PMC7,PMC7/Ch07,3,HVC3/00,2151,FTC-A4,FTC-A4-4
7,1,0,15,PM,8,187,1/7,PMC7,PMC7/Ch08,3,HVC3/00,2151,FTC-A4,FTC-A4-3
7,1,0,15,PM,9,188,1/7,PMC7,PMC7/Ch09,3,HVC3/01,2141,FTC-A5,FTC-A5-1
7,1,0,15,PM,10,189,1/7,PMC7,PMC7/Ch10,3,HVC3/01,2141,FTC-A5,FTC-A5-2
7,1,0,15,PM,11,190,1/7,PMC7,PMC7/Ch11,3,HVC3/01,2141,FTC-A5,FTC-A5-4
7,1,0,15,PM,12,191,1/7,PMC7,PMC7/Ch12,3,HVC3/01,2141,FTC-A5,FTC-A5-3
8,1,0,16,PM,1,192,1/8,PMC8,PMC8/Ch01,4,HVC4/00,2121,FTC-B2,FTC-B2-2
8,1,0,16,PM,2,193,1/8,PMC8,PMC8/Ch02,4,HVC4/00,2121,FTC-B2,FTC-B2-3
8,1,0,16,PM,3,194,1/8,PMC8,PMC8/Ch03,4,HVC4/00,2121,FTC-B2,FTC-B2-1
8,1,0,16,PM,4,195,1/8,PMC8,PMC8/Ch04,4,HVC4/00,2121,FTC-B2,FTC-B2-4
8,1,0,16,PM,5,196,1/8,PMC8,PMC8/Ch05,4,HVC4/01,2133,FTC-E2,FTC-E2-1
8,1,0,16,PM,6,197,1/8,PMC8,PMC8/Ch06,4,HVC4/01,2133,FTC-E2,FTC-E2-2
8,1,0,16,PM,7,198,1/8,PMC8,PMC8/Ch07,4,HVC4/01,2133,FTC-E2,FTC-E2-4
8,1,0,16,PM,8,199,1/8,PMC8,PMC8/Ch08,4,HVC4/01,2133,FTC-E2,FTC-E2-3
8,1,0,16,PM,9,200,1/8,PMC8,PMC8/Ch09,N/A,N/A,N/A,N/A,N/A
8,1,0,16,PM,10,201,1/8,PMC8,PMC8/Ch10,N/A,N/A,N/A,N/A,N/A
8,1,0,16,PM,11,202,1/8,PMC8,PMC8/Ch11,N/A,N/A,N/A,N/A,N/A
8,1,0,16,PM,12,203,1/8,PMC8,PMC8/Ch12,N/A,N/A,N/A,N/A,N/A
9,1,0,17,PM,1,204,1/9,PMC9,PMC9/Ch01,4,HVC4/02,2158,FTC-E5,FTC-E5-2
9,1,0,17,PM,2,205,1/9,PMC9,PMC9/Ch02,4,HVC4/02,2158,FTC-E5,FTC-E5-3
9,1,0,17,PM,3,206,1/9,PMC9,PMC9/Ch03,4,HVC4/02,2158,FTC-E5,FTC-E5-1
9,1,0,17,PM,4,207,1/9,PMC9,PMC9/Ch04,4,HVC4/02,2158,FTC-E5,FTC-E5-4
9,1,0,17,PM,5,208,1/9,PMC9,PMC9/Ch05,4,HVC4/03,2143,FTC-B5,FTC-B5-1
9,1,0,17,PM,6,209,1/9,PMC9,PMC9/Ch06,4,HVC4/03,2143,FTC-B5,FTC-B5-2
9,1,0,17,PM,7,210,1/9,PMC9,PMC9/Ch07,4,HVC4/03,2143,FTC-B5,FTC-B5-4
9,1,0,17,PM,8,211,1/9,PMC9,PMC9/Ch08,4,HVC4/03,2143,FTC-B5,FTC-B5-3
9,1,0,17,PM,9,212,1/9,PMC9,PMC9/Ch09,N/A,N/A,N/A,N/A,N/A
9,1,0,17,PM,10,213,1/9,PMC9,PMC9/Ch10,N/A,N/A,N/A,N/A,N/A
9,1,0,17,PM,11,214,1/9,PMC9,PMC9/Ch11,N/A,N/A,N/A,N/A,N/A
9,1,0,17,PM,12,215,1/9,PMC9,PMC9/Ch12,N/A,N/A,N/A,N/A,N/A
9,0,0,18,PM-LCS,1,216,0/9,PMA9,PMA9/Ch01,4,HVC4/11,N/A,FT0-LCS,FTA-LCS
9,0,0,18,PM-LCS,2,217,0/9,PMA9,PMA9/Ch02,4,HVC4/11,N/A,FT0-LCS,FTA-LCS-H
9,0,0,18,PM-LCS,3,218,0/9,PMA9,PMA9/Ch03,4,HVC4/11,N/A,FT0-LCS,FTC-LCS
9,0,0,18,PM-LCS,4,219,0/9,PMA9,PMA9/Ch04,4,HVC4/11,N/A,FT0-LCS,FTC-LCS-H
9,0,0,18,PM-LCS,5,220,0/9,PMA9,PMA9/Ch05,N/A,N/A,N/A,N/A,N/A
9,0,0,18,PM-LCS,6,221,0/9,PMA9,PMA9/Ch06,N/A,N/A,N/A,N/A,N/A
9,0,0,18,PM-LCS,7,222,0/9,PMA9,PMA9/Ch07,N/A,N/A,N/A,N/A,N/A
9,0,0,18,PM-LCS,8,223,0/9,PMA9,PMA9/Ch08,N/A,N/A,N/A,N/A,N/A
9,0,0,18,PM-LCS,9,224,0/9,PMA9,PMA9/Ch09,N/A,N/A,N/A,N/A,N/A
9,0,0,18,PM-LCS,10,225,0/9,PMA9,PMA9/Ch10,N/A,N/A,N/A,N/A,N/A
9,0,0,18,PM-LCS,11,226,0/9,PMA9,PMA9/Ch11,N/A,N/A,N/A,N/A,N/A
9,0,0,18,PM-LCS,12,227,0/9,PMA9,PMA9/Ch12,N/A,N/A,N/A,N/A,N/A
11,0,0,19,TCM,,228,0/11,TCM,,,,,,
